RowID,OMO,StatusOverride,WorkflowStatus,FieldOutcome,RefusalDate,NoAccessFirstAttemptAt,SecondAttemptAvailableAt,NoAccessSecondAttemptAt,VerifiedByOthersDate,ActualWorkStartDate,ActualWorkCompletionDate,WorkStartDateOverride,WorkCompletionDateOverride,ArchivedFromMap,UpdatedAt
"EQ12695|70 PARK AVENUE, 10302||",,,,,,,,,,,,,,,
"EQ12692|40 WELLINGTON COURT, 10314||",,,,,,,,,,,,,,,
"EQ12813|62 HANSON PLACE, 11217||",,,,,,,,,,,,,,,
"EQ12077|465 LENOX AVENUE, 10037||OUMOURATOU ABDOULAYA ERP REPAIRS",,,,,,,,,,,,,,,
"EQ10030|87 HAMILTON PLACE, 10031||MAYA SANCHEZ ERP REPAIRS",,,,,,,,,,,,,,,
"EQ11412|110 MT HOPE PLACE, 10453||LETICIA SANCHEZ ERP REPAIRS",,,,,,,,,,,,,,,
"EQ11473|322 PLEASANT AVENUE, 10035||T",,,,,,,,,,,,,,,
"EQ12347|270 EAST BURNSIDE AVENUE, 10457||T",,Work Completed,,,,,,,,,,2025-12-04,2025-12-04,,
"EQ12904|2364 TIEBOUT AVENUE, 10458||T",,Refused Access,,,,,,,,,,,,,
"EQ08115|2243 2 AVENUE, 10029||T",,,,,,,,,,,,2025-11-25,2025-11-25,,
"EQ12985|638 EAST 223 STREET, 10466||John Doe",,Work Completed,,,,,,,,,,2026-02-17,2026-02-17,,
"EQ11128|324 IRVING AVENUE, 11237||T",,,,,,,,,,,,,,,
"EQ13174|705 SCHENCK AVENUE, 11207||T",,No Access - 1st Attempt,,,,,,,,,,,,,
"EQ12393|3556 WEBSTER AVENUE, 10467||T",,No Access - 1st Attempt,,,,,,,,,,,,,
"EQ13270|774 ROCKAWAY AVENUE, 11212||T",,Work Completed,,,,,,,,,,2025-12-10,2025-12-10,,
"EQ13297|479 HARMAN STREET, 11237||T",,Refused Access,,,,,,,,,,,,,
"EQ14310|16-66 BELL BOULEVARD, 11360||John Doe",,Refused Access,,,,,,,,,,,,,
"EQ14317|130 WILLIS AVENUE, 10454||John Doe",,Refused Access,,,,,,,,,,,,,
"EQ12029|1246 SHAKESPEARE AVENUE, 10452||John Doe",,Refused Access,,,,,,,,,,,,,
"EQ14156|1170 GERARD AVENUE, 10452||John Doe",,Work Completed,,,,,,,,,,2025-12-13,2025-12-13,,
"EQ13215|303 EAST 158 STREET, 10451||T",,Refused Access,,,,,,,,,,,,,
"EQ13710|320 EAST 159 STREET, 10451||T",,Work Completed by Other,,,,,,,,,,,,,
"EQ10503|1201 65 STREET, 11219||T",,No Access - 2nd Attempt,,,,,,,,,,,,,
"EQ14088|206 AUDUBON AVENUE, 10033||John Doe",,Work Completed by Other,,,,,,,,,,,,,
"EQ14427|1530 ST NICHOLAS AVENUE, 10033||John Doe",,Work Completed,,,,,,,,,,2025-12-16,2025-12-16,,
"EQ14153|33 ARDEN STREET, 10040||John Doe",,Work Completed,,,,,,,,,,2025-12-16,2025-12-16,,
"EQ12897|81 SOUTH 9 STREET, 11249||T",,No Access - 1st Attempt,,,,,,,,,,,,,
"EQ11023|99-25 42 AVENUE, 11368||John Doe",,Refused Access,,,,,,,,,,,,,
"EQ14050|64-05 WOODSIDE AVENUE, 11377||T",,Work Completed,,,,,,,,,,2025-12-17,2025-12-17,,
"EQ14688|41-25 CASE STREET, 11373||T",,Work Completed by Other,,,,,,,,,,,,,
"EQ14304|143-45 SANFORD AVENUE, 11355||T",,No Access - 1st Attempt,,,,,,,,,,,,,
"EQ14145|67-25 DARTMOUTH STREET, 11375||John Doe",,Refused Access,,,,,,,,,,,,,
"EQ12061|114-05 170 STREET, 11434||John Doe",,No Access - 1st Attempt,,,,,,,,,,,,,
"EQ11292|114-21 178 STREET, 11434||T",,No Access - 1st Attempt,,,,,,,,,,,,,
"EQ14067|190-24 WOODHULL AVENUE, 11423||John Doe",,Work Completed,,,,,,,,,,2025-12-18,2025-12-18,,
"EQ14007|95 FOUNTAIN AVENUE, 11208||John Doe",,Work Completed,,,,,,,,,,2025-12-18,2025-12-18,,
"EQ14140|97 MILLER AVENUE, 11207||T",,No Access - 1st Attempt,,,,,,,,,,,,,
"EQ13404|1505 BROADWAY, 11221||John Doe",,Work Completed,,,,,,,,,,2025-12-18,2025-12-18,,
"EQ12683|1925 FULTON STREET, 11233||T",,Work Completed,,,,,,,,,,2025-12-20,2025-12-20,,
"EQ12814|212 GREEN STREET, 11222||John Doe",,Work Completed,,,,,,,,,,2025-12-17,2025-12-17,,
"EQ14340|301 EAST 26 STREET, 11226||John Doe",,Work Completed,,,,,,,,,,2025-12-23,2025-12-23,,
"EQ10486|926 EAST 29 STREET, 11210||T",,Work Completed,,,,,,,,,,2025-12-23,2025-12-23,,
"EQ12322|4811 AVENUE J, 11234||T",,Pending,,,,,,,,,,,,,
"EQ12677|1015 AVENUE N, 11230||T",,Pending,,,,,,,,,,,,,
"EQ12709|2325 FOSTER AVENUE, 11210||John Doe",,Work Completed,,,,,,,,,,2025-12-24,2025-12-24,,
"EQ14967|354 EAST 21 STREET, 11226||John Doe",,Refused Access,,,,,,,,,,,,,
"EQ14023|900 EAST 18 STREET, 11230||John Doe",,Work Completed,,,,,,,,,,2025-12-24,2025-12-24,,
"EQ12968|351 13 STREET, 11215||T",,Work Completed,,,,,,,,,,2025-12-24,2025-12-24,,
"EQ14942|1091 WILLMOHR STREET, 11212||John Doe",,Work Completed,,,,,,,,,,2025-12-29,2025-12-29,,
"EQ14326|761 HART STREET, 11237||T",,No Access - 1st Attempt,,,,,,,,,,,,,
"EQ13991|570 WILLOUGHBY AVENUE, 11206||John Doe",,Work Completed,,,,,,,,,,2025-12-22,2025-12-22,,
"EQ14002|34-32 91 STREET, 11372||John Doe",,Partial Work Completed,,,,,,,,,,2025-12-29,2025-12-29,,
"EQ15218|143-45 SANFORD AVENUE, 11355||T",,Refused Access,,,,,,,,,,,,,
"EQ14550|34-15 PARSONS BOULEVARD, 11354||T",,Pending,,,,,,,,,,,,,
"EQ14193|713 HENRY STREET, 11231||T",,No Access - 1st Attempt,,,,,,,,,,,,,
"EQ14414|330 EAST 100 STREET, 10029||T",,No Access - 1st Attempt,,,,,,,,,,,,,
"EQ14351|234 WEST 135 STREET, 10030||John Doe",,Work Completed,,,,,,,,,,2025-12-30,2025-12-30,,
"EQ13983|2816 FREDERICK DOUGLASS BOULEVARD, 10039||John Doe",,Refused Access,,,,,,,,,,,,,
"EQ11243|2807 FREDERICK DOUGLASS BOULEVARD, 10039||John Doe",,Work Completed,,,,,,,,,,2025-11-07,2025-11-07,,
"EQ06352|698 AMSTERDAM AVENUE, 10025||T",,No Access - 2nd Attempt,,,,,,,,,,,,,
"EQ13475|2225 5 AVENUE, 10037||John Doe",,Work Completed,,,,,,,,,,2026-01-06,2026-01-06,,
"EQ14128|273 WEST 146 STREET, 10039||John Doe",,Work In Progress,,,,,,,,,,2026-01-06,2026-01-06,,
"EQ15719|503 WEST 158 STREET, 10032||T",,No Access - 1st Attempt,,,,,,,,,,,,,
"EQ14338|2763 MILL AVENUE, 11234||T",,No Access - 2nd Attempt,,,,,,,,,,,,,
"EQ15555|1516 JEFFERSON AVENUE, 11237||John Doe",,Partial Work Completed,,,,,,,,,,2026-01-14,2026-01-14,,
"EQ14614|86-02 FOREST PARKWAY, 11421||T",,No Access - 2nd Attempt,,,,,,,,,,,,,
"EQ16254|69-13 CENTRAL AVENUE, 11385||T",,Partial Work Completed,,,,,,,,,,2026-01-14,2026-01-14,,
"EQ16312|1682 PARK PLACE, 11233||T",,Refused Access,,,,,,,,,,,,,
"EQ15584|2026 UNION STREET, 11212||T",,No Access - 1st Attempt,,,,,,,,,,,,,
"EQ16592|101-17 115 STREET, 11419||T",,Work Completed,,,,,,,,,,2026-01-15,2026-01-15,,
"EQ16597|178 AMBOY STREET, 11212||T",,Work Completed,,,,,,,,,,2026-01-15,2026-01-15,,
"EQ16822|1881 STARR STREET, 11385||T",,No Access - 1st Attempt,,,,,,,,,,,,,
"EQ15260|655 MORRIS AVENUE, 10451||T",,Refused Access,,,,,,,,,,,,,
"EQ15012|361 EAST 163 STREET, 10451||John Doe",,Work Completed,,,,,,,,,,2026-01-20,2026-01-20,,
"EQ17134|806 EAST 170 STREET, 10459||T",,Refused Access,,,,,,,,,,,,,
"EQ13770|971 ST MARKS AVENUE, 11213||T",,Work Completed,,,,,,,,,,2026-01-21,2026-01-21,,
"EQ15757|433 SCHENECTADY AVENUE, 11203||John Doe",,Refused Access,,,,,,,,,,,,,
"EQ15093|215 COZINE AVENUE, 11207||John Doe",,Refused Access,,,,,,,,,,,,,
"EQ15488|1360 NEW YORK AVENUE, 11210||John Doe",,Refused Access,,,,,,,,,,,,,
"EQ14849|699 LINDEN BOULEVARD, 11203||T",,No Access - 1st Attempt,,,,,,,,,,,,,
"EQ11374|1052 WINTHROP STREET, 11212||T",,No Access - 1st Attempt,,,,,,,,,,,,,
"EQ15489|395 MAPLE STREET, 11225||John Doe",,Refused Access,,,,,,,,,,,,,
"EQ15223|2502 CORTELYOU ROAD, 11226||John Doe",,Refused Access,,,,,,,,,,,,,
"EQ16852|1 TENNIS COURT, 11226||John Doe",,Work In Progress,,,,,,,,,,2026-01-22,2026-01-22,,
"EQ14952|15 WESTMINSTER ROAD, 11218||John Doe",,Refused Access,,,,,,,,,,,,,
"EQ13795|531 EAST 22 STREET, 11226||John Doe",,Work Completed,,,,,,,,,,2026-01-22,2026-01-22,,
"EQ15750|1252 EAST 53 STREET, 11234||T",,Work Completed,,,,,,,,,,2026-01-23,2026-01-23,,
"EQ16516|4200 AVENUE K, 11210||John Doe",,Partial Work Completed,,,,,,,,,,2026-01-23,2026-01-23,,
"EQ15073|1628 OCEAN PARKWAY, 11223||John Doe",,Refused Access,,,,,,,,,,,,,
"EQ12467|118-80 METROPOLITAN AVENUE, 11415||T",,Work Completed,,,,,,,,,,2025-12-28,2025-12-28,,
"EQ16962|133-27 SANFORD AVENUE, 11355||T",,Refused Access,,,,,,,,,,,,,
"EQ17492|139-09 34 ROAD, 11354||T",,No Access - 1st Attempt,,,,,,,,,,,,,
"EQ18184|158-17 SANFORD AVENUE, 11358||John Doe",,Work Completed,,,,,,,,,,2026-01-29,2026-01-29,,
"EQ17974|198-40 32 AVENUE, 11358||John Doe",,Work Completed,,,,,,,,,,2026-01-29,2026-01-29,,
"EQ18234|85-31 WOODHAVEN BOULEVARD, 11421||John Doe",,Work Completed,,,,,,,,,,2026-01-29,2026-01-29,,
"EQ16832|42-17 JUDGE STREET, 11373||John Doe",,Work Completed,,,,,,,,,,2026-01-21,2026-01-21,,
"EQ15868|14-20 114 STREET, 11356||T",,Work Completed,,,,,,,,,,2026-01-31,2026-01-31,,
"EQ12289|3101 BRIGHTON 2 STREET, 11235||T",,Refused Access,,,,,,,,,,,,,
"EQ18688|2911 FREDERICK DOUGLASS BOULEVARD, 10039||John Doe",,Work Completed,,,,,,,,,,2026-02-07,2026-02-07,,
"EQ17786|184 BRADHURST AVENUE, 10039||John Doe",,Work In Progress,,,,,,,,,,2026-02-07,2026-02-07,,
"EQ13366|850 EAST 165 STREET, 10459||John Doe",,Work Completed,,,,,,,,,,2026-02-10,2026-02-10,,
"EQ14773|1038 LOWELL STREET, 10459||John Doe",,Work Completed,,,,,,,,,,2026-02-10,2026-02-10,,
"EQ14109|368 EAST 155 STREET, 10455||John Doe",,Refused Access,,,,,,,,,,,,,
"EQ00530|909 SHERIDAN AVENUE, 10451||John Doe",,Refused Access,,,,,,,,,,,,,
"EQ17038|1459 WYTHE PLACE, 10452||John Doe",,Work Completed,,,,,,,,,,2026-02-11,2026-02-11,,
"EQ15540|1425 TOWNSEND AVENUE, 10452||John Doe",,Refused Access,,,,,,,,,,,,,
"EQ15239|1207 1 AVENUE, 10065||T",,Work In Progress,,,,,,,,,,2026-02-12,2026-02-12,,
"EQ17764|102 WEST 128 STREET, 10027||T",,No Access - 1st Attempt,,,,,,,,,,,,,
"EQ17314|143 WEST 116 STREET, 10026||John Doe",,Refused Access,,,,,,,,,,,,,
"EQ18106|133 WEST 145 STREET, 10039||T",,No Access - 1st Attempt,,,,,,,,,,,,,
"EQ16921|271 WEST 146 STREET, 10039||John Doe",,Work Completed,,,,,,,,,,2026-02-12,2026-02-12,,
"EQ17796|348 WEST 145 STREET, 10039||John Doe",,Refused Access,,,,,,,,,,,,,
"EQ17785|63 HAMILTON TERRACE, 10031||John Doe",,Refused Access,,,,,,,,,,,,,
"EQ13025|561 WEST 169 STREET, 10032||T",,No Access - 2nd Attempt,,,,,,,,,,,,,
"EQ15340|541 WEST 204 STREET, 10034||John Doe",,Work Completed,,,,,,,,,,2026-02-12,2026-02-12,,
"EQ15085|1711 EAST 15 STREET, 11229||John Doe",,Refused Access,,,,,,,,,,,,,
"EQ15325|5532 NETHERLAND AVENUE, 10471||John Doe",,Refused Access,,,,,,,,,,,,,
"EQ16619|278 EAST 237 STREET, 10470||John Doe",,Work Completed,,,,,,,,,,2026-02-17,2026-02-17,,
"EQ18006|806 EAST 233 STREET, 10466||T",,No Access - 1st Attempt,,,,,,,,,,,,,
"EQ17235|635 EAST 229 STREET, 10466||T",,No Access - 1st Attempt,,,,,,,,,,,,,
"EQ19652|2195 GRAND CONCOURSE, 10453||John Doe",,Refused Access,,,,,,,,,,,,,
"EQ16715|2342 RYER AVENUE, 10458||John Doe",,Work Completed,,,,,,,,,,2026-02-21,2026-02-21,,
"EQ11988|2238 MORRIS AVENUE, 10453||T",,No Access - 2nd Attempt,,,,,,,,,,,,,
"EQ20253|103-24 121 STREET, 11419||T",,Pending,,,,,,,,,,,,,
EQ24130,EQ24130,No Access 1st - Waiting 72h,NO_ACCESS_1_WAITING_72H,NO_ACCESS_1_WAITING_72H,,2026-05-15T02:17:00.000Z,2026-05-18T02:17:00.000Z,,,,,,,false,2026-05-15T02:17:07.230Z
EQ27235,EQ27235,No Access 1st - Waiting 72h,NO_ACCESS_1_WAITING_72H,NO_ACCESS_1_WAITING_72H,,2026-05-14T13:02:00.000Z,2026-05-17T13:02:00.000Z,,,,,,,false,2026-05-15T13:02:10.746Z
EQ25386,EQ25386,,,,,,,,,,,,,true,2026-05-15T13:13:14.341Z
EQ24719,EQ24719,Work Completed,WORK_COMPLETED,WORK_COMPLETED,,,,,,,2026-05-14T16:13:00.000Z,,,false,2026-05-15T16:13:07.963Z
EQ24986,EQ24986,Work Completed,WORK_COMPLETED,WORK_COMPLETED,,,,,,,2026-05-14T16:13:00.000Z,,,false,2026-05-15T16:13:25.124Z
EQ23180,EQ23180,Work Completed,WORK_COMPLETED,WORK_COMPLETED,,,,,,,2026-04-18T16:17:00.000Z,,,false,2026-05-15T16:17:19.201Z
EQ26112,EQ26112,Work Completed,WORK_COMPLETED,WORK_COMPLETED,,,,,,,2026-05-15T18:16:00.000Z,,,false,2026-05-15T18:16:06.289Z
EP27061,EP27061,Work Completed,WORK_COMPLETED,Work Completed,,,,,,,,,,,"2026-06-26T16:15:57.731Z
"
EQ06061,EQ06061,No Access - 2nd Attempt,NO_ACCESS_2ND_ATTEMPT,No Access - 2nd Attempt,,,,,,,,,,true,"2026-06-26T17:57:30.670Z
"
