OMO,Address,COAFile,RecoveredITBFile,RecoveredITBPath
"EQ00530","909 SHERIDAN AVENUE, 10451","EQ00530_121525113450.pdf","EQ00530_121225093242.pdf","G:\My Drive\HPD_Bid_Management_Project\Scripts\Diagnostics script\ITB_Downloads_V5\EQ00530_121225093242.pdf"
"EQ06352","698 AMSTERDAM AVENUE, 10025","EQ06352_122625123940.pdf","EQ06352_122425105414.pdf","G:\My Drive\HPD_Bid_Management_Project\Scripts\Diagnostics script\ITB_Downloads_V5\EQ06352_122425105414.pdf"
"EQ12814","212 GREEN STREET, 11222","EQ12814_120525125106.pdf","EQ12814_120425103558.pdf","G:\My Drive\HPD_Bid_Management_Project\Scripts\Diagnostics script\ITB_Downloads_V5\EQ12814_120425103558.pdf"
"EQ12897","81 SOUTH 9 STREET, 11249","EQ12897_121325081413.pdf","EQ12897_120925041515.pdf","G:\My Drive\HPD_Bid_Management_Project\Scripts\Diagnostics script\ITB_Downloads_V5\EQ12897_120925041515.pdf"
"EQ13112","1750 GRAND CONCOURSE, 10457","EQ13112_112825052418.pdf","EQ13112_112525104814.pdf","G:\My Drive\HPD_Bid_Management_Project\Scripts\Diagnostics script\ITB_Downloads_V5\EQ13112_112525104814.pdf"
"EQ13174","705 SCHENCK AVENUE, 11207","EQ13174_112625040716.pdf","EQ13174_112525010104.pdf","G:\My Drive\HPD_Bid_Management_Project\Scripts\Diagnostics script\ITB_Downloads_V5\EQ13174_112525010104.pdf"
"EQ13215","303 EAST 158 STREET, 10451","EQ13215_120925030858.pdf","EQ13215_120525110035.pdf","G:\My Drive\HPD_Bid_Management_Project\Scripts\Diagnostics script\ITB_Downloads_V5\EQ13215_120525110035.pdf"
"EQ13270","774 ROCKAWAY AVENUE, 11212","EQ13270_120125125816.pdf","EQ13270_112625023620.pdf","G:\My Drive\HPD_Bid_Management_Project\Scripts\Diagnostics script\ITB_Downloads_V5\EQ13270_112625023620.pdf"
"EQ13297","479 HARMAN STREET, 11237","EQ13297_120225051156.pdf","EQ13297_112625020712.pdf","G:\My Drive\HPD_Bid_Management_Project\Scripts\Diagnostics script\ITB_Downloads_V5\EQ13297_112625020712.pdf"
"EQ13366","850 EAST 165 STREET, 10459","EQ13366_122225050347.pdf","EQ13366_121725051336.pdf","G:\My Drive\HPD_Bid_Management_Project\Scripts\Diagnostics script\ITB_Downloads_V5\EQ13366_121725051336.pdf"
"EQ13404","1505 BROADWAY, 11221","EQ13404_120825041903.pdf","EQ13404_120525041204.pdf","G:\My Drive\HPD_Bid_Management_Project\Scripts\Diagnostics script\ITB_Downloads_V5\EQ13404_120525041204.pdf"
"EQ13475","2225 5 AVENUE, 10037","EQ13475_120825024057.pdf","EQ13475_120525102603.pdf","G:\My Drive\HPD_Bid_Management_Project\Scripts\Diagnostics script\ITB_Downloads_V5\EQ13475_120525102603.pdf"
"EQ13770","971 ST MARKS AVENUE, 11213","EQ13770_121225013208.pdf","EQ13770_121025032629.pdf","G:\My Drive\HPD_Bid_Management_Project\Scripts\Diagnostics script\ITB_Downloads_V5\EQ13770_121025032629.pdf"
"EQ13795","531 EAST 22 STREET, 11226","EQ13795_121525031258.pdf","EQ13795_121225011132.pdf","G:\My Drive\HPD_Bid_Management_Project\Scripts\Diagnostics script\ITB_Downloads_V5\EQ13795_121225011132.pdf"
"EQ13963","2950 GRAND CONCOURSE, 10458","EQ13963_121625103203.pdf","EQ13963_120825102800.pdf","G:\My Drive\HPD_Bid_Management_Project\Scripts\Diagnostics script\ITB_Downloads_V5\EQ13963_120825102800.pdf"
"EQ13983","2816 FREDERICK DOUGLASS BOULEVARD, 10039","EQ13983_121625104211.pdf","EQ13983_121025033528.pdf","G:\My Drive\HPD_Bid_Management_Project\Scripts\Diagnostics script\ITB_Downloads_V5\EQ13983_121025033528.pdf"
"EQ13991","570 WILLOUGHBY AVENUE, 11206","EQ13991_121725125218.pdf","EQ13991_120925010030.pdf","G:\My Drive\HPD_Bid_Management_Project\Scripts\Diagnostics script\ITB_Downloads_V5\EQ13991_120925010030.pdf"
"EQ14002","34-32 91 STREET, 11372","EQ14002_122225103739.pdf","EQ14002_121025104506.pdf","G:\My Drive\HPD_Bid_Management_Project\Scripts\Diagnostics script\ITB_Downloads_V5\EQ14002_121025104506.pdf"
"EQ14007","95 FOUNTAIN AVENUE, 11208","EQ14007_121225012221.pdf","EQ14007_121125010234.pdf","G:\My Drive\HPD_Bid_Management_Project\Scripts\Diagnostics script\ITB_Downloads_V5\EQ14007_121125010234.pdf"
"EQ14050","64-05 WOODSIDE AVENUE, 11377","EQ14050_121525043342.pdf","EQ14050_120825043126.pdf","G:\My Drive\HPD_Bid_Management_Project\Scripts\Diagnostics script\ITB_Downloads_V5\EQ14050_120825043126.pdf"
"EQ14088","206 AUDUBON AVENUE, 10033","EQ14088_121525031548.pdf","EQ14088_121125040856.pdf","G:\My Drive\HPD_Bid_Management_Project\Scripts\Diagnostics script\ITB_Downloads_V5\EQ14088_121125040856.pdf"
"EQ14109","368 EAST 155 STREET, 10455","EQ14109_121525042804.pdf","EQ14109_121225095055.pdf","G:\My Drive\HPD_Bid_Management_Project\Scripts\Diagnostics script\ITB_Downloads_V5\EQ14109_121225095055.pdf"
"EQ14145","67-25 DARTMOUTH STREET, 11375","EQ14145_121325082514.pdf","EQ14145_121125115715.pdf","G:\My Drive\HPD_Bid_Management_Project\Scripts\Diagnostics script\ITB_Downloads_V5\EQ14145_121125115715.pdf"
"EQ14153","33 ARDEN STREET, 10040","EQ14153_121325084557.pdf","EQ14153_121125100446.pdf","G:\My Drive\HPD_Bid_Management_Project\Scripts\Diagnostics script\ITB_Downloads_V5\EQ14153_121125100446.pdf"
"EQ14156","1170 GERARD AVENUE, 10452","EQ14156_121225042107.pdf","EQ14156_121025125336.pdf","G:\My Drive\HPD_Bid_Management_Project\Scripts\Diagnostics script\ITB_Downloads_V5\EQ14156_121025125336.pdf"
"EQ14157","2070 VYSE AVENUE, 10460","EQ14157_010526041305.pdf","EQ14157_123025025906.pdf","G:\My Drive\HPD_Bid_Management_Project\Scripts\Diagnostics script\ITB_Downloads_V5\EQ14157_123025025906.pdf"
"EQ14187","40 UNIVERSITY PLACE, 10003","EQ14187_121225125241.pdf","EQ14187_121025041850.pdf","G:\My Drive\HPD_Bid_Management_Project\Scripts\Diagnostics script\ITB_Downloads_V5\EQ14187_121025041850.pdf"
"EQ14338","2763 MILL AVENUE, 11234","EQ14338_121225115539.pdf","EQ14338_121125092208.pdf","G:\My Drive\HPD_Bid_Management_Project\Scripts\Diagnostics script\ITB_Downloads_V5\EQ14338_121125092208.pdf"
"EQ14351","234 WEST 135 STREET, 10030","EQ14351_121525122451.pdf","EQ14351_121125040049.pdf","G:\My Drive\HPD_Bid_Management_Project\Scripts\Diagnostics script\ITB_Downloads_V5\EQ14351_121125040049.pdf"
"EQ14414","330 EAST 100 STREET, 10029","EQ14414_121325081600.pdf","EQ14414_121125020740.pdf","G:\My Drive\HPD_Bid_Management_Project\Scripts\Diagnostics script\ITB_Downloads_V5\EQ14414_121125020740.pdf"
"EQ14427","1530 ST NICHOLAS AVENUE, 10033","EQ14427_121525030802.pdf","EQ14427_121225125233.pdf","G:\My Drive\HPD_Bid_Management_Project\Scripts\Diagnostics script\ITB_Downloads_V5\EQ14427_121225125233.pdf"
"EQ14519","2265 OLINVILLE AVENUE, 10467","EQ14519_122725053606.pdf","EQ14519_122325040214.pdf","G:\My Drive\HPD_Bid_Management_Project\Scripts\Diagnostics script\ITB_Downloads_V5\EQ14519_122325040214.pdf"
"EQ14614","86-02 FOREST PARKWAY, 11421","EQ14614_122625054516.pdf","EQ14614_122325042645.pdf","G:\My Drive\HPD_Bid_Management_Project\Scripts\Diagnostics script\ITB_Downloads_V5\EQ14614_122325042645.pdf"
"EQ14625","1411 NEW YORK AVENUE, 11210","EQ14625_121525035951.pdf","EQ14625_121225025527.pdf","G:\My Drive\HPD_Bid_Management_Project\Scripts\Diagnostics script\ITB_Downloads_V5\EQ14625_121225025527.pdf"
"EQ14837","345 BAY RIDGE PARKWAY, 11209","EQ14837_122625115333.pdf","EQ14837_122225095048.pdf","G:\My Drive\HPD_Bid_Management_Project\Scripts\Diagnostics script\ITB_Downloads_V5\EQ14837_122225095048.pdf"
"EQ14942","1091 WILLMOHR STREET, 11212","EQ14942_122625120621.pdf","EQ14942_122325041257.pdf","G:\My Drive\HPD_Bid_Management_Project\Scripts\Diagnostics script\ITB_Downloads_V5\EQ14942_122325041257.pdf"
"EQ14952","15 WESTMINSTER ROAD, 11218","EQ14952_122925034157.pdf","EQ14952_122625040732.pdf","G:\My Drive\HPD_Bid_Management_Project\Scripts\Diagnostics script\ITB_Downloads_V5\EQ14952_122625040732.pdf"
"EQ15012","361 EAST 163 STREET, 10451","EQ15012_011326052731.pdf","EQ15012_011226013718.pdf","G:\My Drive\HPD_Bid_Management_Project\Scripts\Diagnostics script\ITB_Downloads_V5\EQ15012_011226013718.pdf"
"EQ15085","1711 EAST 15 STREET, 11229","EQ15085_010526035829.pdf","EQ15085_010226033918.pdf","G:\My Drive\HPD_Bid_Management_Project\Scripts\Diagnostics script\ITB_Downloads_V5\EQ15085_010226033918.pdf"
"EQ15088","589 VAN NEST AVENUE, 10460","EQ15088_010326060940.pdf","EQ15088_122925102524.pdf","G:\My Drive\HPD_Bid_Management_Project\Scripts\Diagnostics script\ITB_Downloads_V5\EQ15088_122925102524.pdf"
"EQ15218","143-45 SANFORD AVENUE, 11355","EQ15218_122925011315.pdf","EQ15218_122325023218.pdf","G:\My Drive\HPD_Bid_Management_Project\Scripts\Diagnostics script\ITB_Downloads_V5\EQ15218_122325023218.pdf"
"EQ15260","655 MORRIS AVENUE, 10451","EQ15260_122725061425.pdf","EQ15260_122325100554.pdf","G:\My Drive\HPD_Bid_Management_Project\Scripts\Diagnostics script\ITB_Downloads_V5\EQ15260_122325100554.pdf"
"EQ15334","2011 AMSTERDAM AVENUE, 10032","EQ15334_010326061257.pdf","EQ15334_122925103347.pdf","G:\My Drive\HPD_Bid_Management_Project\Scripts\Diagnostics script\ITB_Downloads_V5\EQ15334_122925103347.pdf"
"EQ15340","541 WEST 204 STREET, 10034","EQ15340_010526011610.pdf","EQ15340_010226091936.pdf","G:\My Drive\HPD_Bid_Management_Project\Scripts\Diagnostics script\ITB_Downloads_V5\EQ15340_010226091936.pdf"
"EQ15356","3044 WALLACE AVENUE, 10467","EQ15356_122725060408.pdf","EQ15356_122325023636.pdf","G:\My Drive\HPD_Bid_Management_Project\Scripts\Diagnostics script\ITB_Downloads_V5\EQ15356_122325023636.pdf"
"EQ15398","389 CHAUNCEY STREET, 11233","EQ15398_122625054715.pdf","EQ15398_122325042920.pdf","G:\My Drive\HPD_Bid_Management_Project\Scripts\Diagnostics script\ITB_Downloads_V5\EQ15398_122325042920.pdf"
"EQ15488","1360 NEW YORK AVENUE, 11210","EQ15488_010526033551.pdf","EQ15488_010226100438.pdf","G:\My Drive\HPD_Bid_Management_Project\Scripts\Diagnostics script\ITB_Downloads_V5\EQ15488_010226100438.pdf"
"EQ15489","395 MAPLE STREET, 11225","EQ15489_010526045104.pdf","EQ15489_010226100207.pdf","G:\My Drive\HPD_Bid_Management_Project\Scripts\Diagnostics script\ITB_Downloads_V5\EQ15489_010226100207.pdf"
"EQ15719","503 WEST 158 STREET, 10032","EQ15719_010526044109.pdf","EQ15719_123125044907.pdf","G:\My Drive\HPD_Bid_Management_Project\Scripts\Diagnostics script\ITB_Downloads_V5\EQ15719_123125044907.pdf"
"EQ15750","1252 EAST 53 STREET, 11234","EQ15750_010526040421.pdf","EQ15750_010226033447.pdf","G:\My Drive\HPD_Bid_Management_Project\Scripts\Diagnostics script\ITB_Downloads_V5\EQ15750_010226033447.pdf"
"EQ15766","263 14 STREET, 11215","EQ15766_010326060312.pdf","EQ15766_123125110417.pdf","G:\My Drive\HPD_Bid_Management_Project\Scripts\Diagnostics script\ITB_Downloads_V5\EQ15766_123125110417.pdf"
"EQ15867","14-20 114 STREET, 11356","EQ15867_011326045118.pdf","EQ15867_011226030825.pdf","G:\My Drive\HPD_Bid_Management_Project\Scripts\Diagnostics script\ITB_Downloads_V5\EQ15867_011226030825.pdf"
"EQ16164","2358 WEBSTER AVENUE, 10458","EQ16164_010626010542.pdf","EQ16164_010226041542.pdf","G:\My Drive\HPD_Bid_Management_Project\Scripts\Diagnostics script\ITB_Downloads_V5\EQ16164_010226041542.pdf"
"EQ16592","101-17 115 STREET, 11419","EQ16592_011526110925.pdf","EQ16592_010826042739.pdf","G:\My Drive\HPD_Bid_Management_Project\Scripts\Diagnostics script\ITB_Downloads_V5\EQ16592_010826042739.pdf"
"EQ16597","178 AMBOY STREET, 11212","EQ16597_011326031757.pdf","EQ16597_011226051130.pdf","G:\My Drive\HPD_Bid_Management_Project\Scripts\Diagnostics script\ITB_Downloads_V5\EQ16597_011226051130.pdf"
"EQ16619","278 EAST 237 STREET, 10470","EQ16619_011426043109.pdf","EQ16619_011226112216.pdf","G:\My Drive\HPD_Bid_Management_Project\Scripts\Diagnostics script\ITB_Downloads_V5\EQ16619_011226112216.pdf"
"EQ16693","41-08 42 STREET, 11104","EQ16693_011426023824.pdf","EQ16693_011226034718.pdf","G:\My Drive\HPD_Bid_Management_Project\Scripts\Diagnostics script\ITB_Downloads_V5\EQ16693_011226034718.pdf"
"EQ16744","70 AVENUE U, 11223","EQ16744_011326043209.pdf","EQ16744_011226112544.pdf","G:\My Drive\HPD_Bid_Management_Project\Scripts\Diagnostics script\ITB_Downloads_V5\EQ16744_011226112544.pdf"
"EQ16822","1881 STARR STREET, 11385","EQ16822_011426042615.pdf","EQ16822_011226040820.pdf","G:\My Drive\HPD_Bid_Management_Project\Scripts\Diagnostics script\ITB_Downloads_V5\EQ16822_011226040820.pdf"
"EQ16892","1274 55 STREET, 11219","EQ16892_011326045343.pdf","EQ16892_011226112406.pdf","G:\My Drive\HPD_Bid_Management_Project\Scripts\Diagnostics script\ITB_Downloads_V5\EQ16892_011226112406.pdf"
"EQ17241","390 MARYLAND AVENUE, 10305","EQ17241_012926094525.pdf","EQ17241_012326043925.pdf","G:\My Drive\HPD_Bid_Management_Project\Scripts\Diagnostics script\ITB_Downloads_V5\EQ17241_012326043925.pdf"
"EQ17262","708 MANHATTAN AVENUE, 11222","EQ17262_012726013759.pdf","EQ17262_012226101215.pdf","G:\My Drive\HPD_Bid_Management_Project\Scripts\Diagnostics script\ITB_Downloads_V5\EQ17262_012226101215.pdf"
"EQ17786","184 BRADHURST AVENUE, 10039","EQ17786_012626110317.pdf","EQ17786_012126094156.pdf","G:\My Drive\HPD_Bid_Management_Project\Scripts\Diagnostics script\ITB_Downloads_V5\EQ17786_012126094156.pdf"
"EQ17854","1084 NEW YORK AVENUE, 11203","EQ17854_012926111526.pdf","EQ17854_012326041709.pdf","G:\My Drive\HPD_Bid_Management_Project\Scripts\Diagnostics script\ITB_Downloads_V5\EQ17854_012326041709.pdf"
"EQ18038","1353 STERLING PLACE, 11213","EQ18038_012726111834.pdf","EQ18038_012326030515.pdf","G:\My Drive\HPD_Bid_Management_Project\Scripts\Diagnostics script\ITB_Downloads_V5\EQ18038_012326030515.pdf"